val_mse,mse,val_mae,mae
11.175327,11.149676,11.156932,11.128585
10.619635,10.594635,10.600876,10.573029
10.09169,10.066883,10.071949,10.044089
9.590547,9.566348,9.570315,9.543042
9.112816,9.089169,9.092116,9.065178
8.660851,8.636868,8.63942,8.612056
8.23116,8.207829,8.209196,8.182258
7.824026,7.799415,7.801653,7.773335
7.436893,7.413169,7.413959,7.386465
7.069291,7.046145,7.045666,7.018637
6.718649,6.696044,6.694375,6.667633
6.385362,6.363325,6.360307,6.333991
6.068828,6.047121,6.043109,6.01695
5.769511,5.748052,5.742464,5.716286
5.486759,5.464303,5.459024,5.431739
5.21503,5.192722,5.1866,5.159389
4.957656,4.935884,4.928185,4.901341
4.714257,4.692205,4.683633,4.656319
4.485015,4.462903,4.453125,4.425537
4.265372,4.243174,4.232418,4.204609
4.05676,4.034577,4.022341,3.994314
3.859208,3.836873,3.823888,3.795544
3.670296,3.648755,3.63381,3.605983
3.492199,3.47092,3.454598,3.426914
3.322114,3.30134,3.283367,3.255937
3.162241,3.141826,3.121512,3.094139
3.008751,2.988067,2.966728,2.93902
2.862629,2.842624,2.819088,2.791736
2.724128,2.704538,2.678336,2.651193
2.593808,2.574945,2.54637,2.519731
2.469601,2.451604,2.420521,2.394685
2.351753,2.334527,2.30087,2.275726
2.24133,2.224384,2.188685,2.163746
2.136552,2.120144,2.081543,2.056876
2.036849,2.02101,1.979327,1.954955
1.942035,1.926412,1.883027,1.858664
1.851967,1.836774,1.790636,1.766145
1.763494,1.750527,1.700727,1.677355
1.683384,1.671188,1.618214,1.594839
1.608009,1.596363,1.54033,1.516702
1.536072,1.525181,1.465689,1.441831
1.467797,1.457692,1.394556,1.370508
1.404016,1.394747,1.328962,1.304874
1.342767,1.334351,1.264509,1.24046
1.284527,1.276663,1.203642,1.179678
1.230357,1.223208,1.146256,1.122363
1.178113,1.171464,1.091729,1.067952
1.128569,1.122261,1.039801,1.016161
1.081781,1.076373,0.990621,0.967657
1.039302,1.03484,0.944982,0.922359
0.998564,0.994969,0.900852,0.878459
0.960061,0.957337,0.859522,0.83751
0.922376,0.920636,0.820406,0.798918
0.888039,0.886846,0.784106,0.76242
0.856296,0.85602,0.750471,0.728492
0.826256,0.827076,0.718344,0.696001
0.797073,0.798582,0.688214,0.66585
0.768827,0.771678,0.659905,0.637944
0.743885,0.747344,0.633487,0.611684
0.719632,0.723755,0.607535,0.585976
0.698377,0.703659,0.584341,0.563241
0.67715,0.68409,0.561953,0.541624
0.657912,0.665451,0.541566,0.521458
0.640722,0.649415,0.522619,0.503563
0.623916,0.633423,0.504819,0.4865
0.608634,0.619084,0.488044,0.470531
0.594291,0.605637,0.472496,0.455816
0.579647,0.592423,0.457357,0.441885
0.56755,0.581432,0.444545,0.430032
0.55605,0.570455,0.432845,0.418989
0.545442,0.560633,0.421927,0.408776
0.535535,0.5512,0.411953,0.399361
0.527232,0.543595,0.402994,0.391262
0.519444,0.53673,0.394963,0.384142
0.511043,0.529353,0.386967,0.376699
0.503896,0.522699,0.379758,0.370007
0.494198,0.514874,0.37166,0.363114
0.488147,0.509446,0.36592,0.358138
0.483125,0.505177,0.361223,0.353994
0.47828,0.500834,0.356587,0.349831
0.473039,0.49579,0.351545,0.345093
0.467776,0.491047,0.34671,0.340679
0.463038,0.486673,0.342455,0.3367
0.455233,0.482014,0.337588,0.333428
0.449548,0.478058,0.333492,0.330255
0.445827,0.475291,0.330258,0.327868
0.443239,0.473216,0.327796,0.326109
0.44003,0.470852,0.32528,0.324198
0.435693,0.467548,0.322017,0.321572
0.432014,0.464292,0.319455,0.319335
0.430072,0.462774,0.31779,0.318166
0.426717,0.459436,0.315113,0.315782
0.42471,0.457413,0.31356,0.314178
0.423214,0.456299,0.312295,0.313373
0.421962,0.455095,0.311454,0.312586
0.420564,0.454005,0.310227,0.311674
0.419127,0.45297,0.309061,0.311018
0.41817,0.451921,0.308018,0.310086
0.416697,0.450488,0.30659,0.308616
0.412708,0.447847,0.30367,0.306401
0.411272,0.446825,0.302556,0.30578
0.410025,0.44584,0.301726,0.305269
0.408546,0.444376,0.300361,0.304118
0.408087,0.443657,0.300207,0.303856
0.407247,0.442308,0.298847,0.302636
0.40683,0.44178,0.298574,0.302483
0.406385,0.441343,0.298198,0.302291
0.402888,0.439712,0.296245,0.301542
0.401948,0.438965,0.295492,0.300868
0.40099,0.438144,0.294724,0.300239
0.400441,0.437443,0.294112,0.29947
0.399594,0.436951,0.293552,0.299267
0.399191,0.436721,0.29322,0.299245
0.398578,0.436163,0.29274,0.298891
0.397764,0.435425,0.292141,0.29827
0.39712,0.434841,0.291568,0.297835
0.396695,0.434625,0.291254,0.2978
0.395842,0.433967,0.290666,0.297444
0.395616,0.433633,0.290492,0.29712
0.395125,0.433209,0.290142,0.296901
0.394758,0.432775,0.289744,0.296442
0.394401,0.431918,0.289401,0.295804
0.393939,0.431546,0.28901,0.29558
0.393773,0.431477,0.288876,0.295618
0.393447,0.431153,0.288696,0.295409
0.393208,0.430997,0.288615,0.295357
0.393081,0.430946,0.288504,0.29539
0.392962,0.430902,0.288404,0.295429
0.3928,0.430822,0.288283,0.295482
0.392837,0.430399,0.288042,0.295069
0.392765,0.429904,0.287955,0.294853
0.392788,0.429902,0.287951,0.294837
0.392604,0.429704,0.287865,0.294837
0.392426,0.429088,0.287517,0.294183
0.391983,0.428776,0.287084,0.293939
0.391967,0.428765,0.287069,0.293918
0.391241,0.428294,0.286669,0.293572
0.39109,0.427938,0.286459,0.29344
0.391026,0.427855,0.286352,0.293433
0.390484,0.427455,0.285909,0.293196
0.390518,0.42704,0.285815,0.292691
0.39033,0.426944,0.285688,0.29273
0.390105,0.426694,0.285678,0.292458
0.389764,0.426105,0.285121,0.291893
0.389516,0.425857,0.285027,0.291636
0.389666,0.425508,0.2852,0.291449
0.389584,0.424819,0.285095,0.291069
0.389489,0.42473,0.285002,0.291049
0.389087,0.424464,0.284869,0.291057
0.38901,0.424408,0.284822,0.291055
0.389041,0.424055,0.284555,0.290453
0.388705,0.423627,0.284174,0.289869
0.388366,0.423335,0.283837,0.289535
0.38851,0.422816,0.283947,0.28921
0.388322,0.42254,0.283853,0.288999
0.388162,0.42248,0.283742,0.289061
0.38805,0.42237,0.283684,0.28897
0.38818,0.422335,0.283742,0.288885
0.388025,0.42213,0.283598,0.288769
0.387088,0.421237,0.283053,0.287971
0.385988,0.420682,0.282344,0.287687
0.385978,0.420504,0.282325,0.287569
0.386082,0.420512,0.282403,0.28761
0.386114,0.420442,0.282363,0.287489
0.385202,0.419288,0.281689,0.286603
0.385145,0.419283,0.281639,0.286651
0.384395,0.418774,0.281192,0.286382
0.384369,0.418773,0.281168,0.286412
0.384251,0.41873,0.281128,0.28623
0.384054,0.418363,0.280768,0.285618
0.383999,0.418371,0.280683,0.285587
0.384122,0.418157,0.280616,0.285295
0.383928,0.417973,0.280354,0.285045
0.383779,0.417905,0.28024,0.285077
0.383413,0.417414,0.280017,0.284738
0.383525,0.417297,0.280013,0.284674
0.38354,0.417176,0.280056,0.284639
0.383383,0.417107,0.279947,0.284678
0.383306,0.417032,0.279887,0.284584
0.38341,0.416761,0.279989,0.28445
0.382371,0.415852,0.279002,0.283533
0.38236,0.415839,0.279003,0.283523
0.382498,0.415669,0.279008,0.283433
0.382343,0.41553,0.278947,0.283251
0.382459,0.415158,0.279073,0.283165
0.382465,0.415151,0.279051,0.28316
0.382528,0.41492,0.279139,0.283035
0.382542,0.414472,0.278989,0.282645
0.382573,0.414377,0.279004,0.282555
0.382418,0.414328,0.278922,0.282539
0.382119,0.41382,0.278688,0.282242
0.382119,0.413818,0.278687,0.282241
0.381866,0.413569,0.278599,0.282061
0.38164,0.413518,0.278486,0.28201
0.381646,0.413513,0.278494,0.281984
0.381559,0.413348,0.278456,0.281771
0.381251,0.413246,0.278312,0.281786
0.381114,0.413191,0.278171,0.28176
0.379283,0.412517,0.277137,0.281306
0.379094,0.412362,0.27706,0.281115
0.378952,0.412201,0.277034,0.280949
0.379048,0.412175,0.277074,0.280953
0.378996,0.412173,0.277043,0.28097
0.379017,0.412174,0.277068,0.280956
0.378964,0.411925,0.277049,0.280717
0.378751,0.411591,0.27674,0.280408
0.378482,0.41148,0.276618,0.280435
0.378437,0.411422,0.276616,0.280406
0.378405,0.411336,0.276689,0.280348
0.378386,0.411161,0.276764,0.280223
0.378497,0.411108,0.276858,0.280155
0.378462,0.411106,0.276821,0.280177
0.377437,0.410516,0.276111,0.279756
0.377359,0.410408,0.276109,0.279638
0.377317,0.410292,0.275988,0.279537
0.377194,0.410067,0.275959,0.279187
0.377239,0.410024,0.276003,0.279163
0.376664,0.409792,0.275296,0.278876
0.376487,0.40956,0.275204,0.278684
0.376366,0.409546,0.275129,0.278595
0.376366,0.409405,0.275166,0.278464
0.376358,0.409407,0.275255,0.278481
0.376324,0.409353,0.275282,0.278491
0.374713,0.408718,0.274378,0.278047
0.374678,0.408487,0.274125,0.277766
0.374685,0.408434,0.274143,0.277807
0.374457,0.408123,0.273739,0.277462
0.374412,0.408101,0.273738,0.27743
0.374016,0.407654,0.273223,0.277076
0.374137,0.407673,0.273236,0.277097
0.374059,0.407648,0.273147,0.277112
0.374056,0.407647,0.273143,0.277115
0.37409,0.407438,0.273247,0.276805
0.374173,0.407113,0.273168,0.276463
0.37414,0.407106,0.273171,0.276444
0.373942,0.406996,0.273005,0.276322
0.373826,0.406596,0.272762,0.275917
0.372763,0.406117,0.272012,0.275638
0.372689,0.406086,0.271938,0.275649
0.372856,0.405912,0.272244,0.275697
0.372893,0.405881,0.272337,0.275639
0.373019,0.405842,0.272389,0.275551
0.372981,0.405819,0.272361,0.2756
0.373173,0.405705,0.272693,0.275643
0.373188,0.405455,0.272795,0.275433
0.373149,0.40544,0.272752,0.275461
0.373217,0.405349,0.272771,0.275341
0.373155,0.405255,0.272679,0.275223
0.373034,0.40513,0.272606,0.27504
0.373079,0.405098,0.27273,0.275088
0.37306,0.404999,0.272704,0.275023
0.373085,0.404985,0.272713,0.275076
0.372393,0.404656,0.272194,0.274882
0.372296,0.404626,0.272193,0.274864
0.372147,0.404484,0.272203,0.274824
0.372164,0.40447,0.272248,0.274784
0.371548,0.403939,0.271675,0.274412
0.371521,0.403903,0.271668,0.274391
0.371222,0.403803,0.271352,0.274291
0.370846,0.403586,0.271033,0.274098
0.370736,0.403251,0.270803,0.273699
0.369277,0.402816,0.269847,0.273345
0.369603,0.40272,0.270001,0.273382
0.369576,0.402688,0.270002,0.273412
0.369459,0.402678,0.269922,0.273426
0.369414,0.402663,0.269908,0.273464
0.369393,0.402639,0.269958,0.273548
0.369425,0.402572,0.270016,0.27352
0.369664,0.402444,0.270311,0.273422
0.369784,0.402405,0.27038,0.273396
0.369862,0.402351,0.270361,0.273241
0.369979,0.402306,0.270424,0.273195
0.37009,0.40213,0.270356,0.273086
0.37025,0.402015,0.270401,0.273019
0.370252,0.402,0.270418,0.273008
0.370315,0.401988,0.2704,0.27295
0.370004,0.401783,0.270105,0.272807
0.369898,0.401686,0.27012,0.272663
0.369748,0.401568,0.269988,0.27252
0.369877,0.40139,0.27001,0.272327
0.369906,0.401321,0.27002,0.27212
0.369886,0.401319,0.26999,0.272127
0.369931,0.401251,0.269944,0.272052
0.36991,0.401244,0.270015,0.272003
0.369677,0.401033,0.269923,0.271843
0.369645,0.401012,0.269923,0.271829
0.369669,0.400922,0.269908,0.271782
0.369654,0.400904,0.269929,0.271721
0.369525,0.400858,0.269765,0.271744
0.36954,0.400856,0.269802,0.27173
0.369568,0.400832,0.269881,0.271676
0.369404,0.400693,0.269599,0.271584
0.369493,0.400614,0.269669,0.271545
0.369487,0.400613,0.269661,0.271546
0.369472,0.400601,0.269702,0.271524
0.369385,0.400604,0.269604,0.271507
0.369369,0.400577,0.269644,0.271508
0.369385,0.400245,0.269684,0.271444
0.369304,0.400191,0.26963,0.271437
0.369082,0.400116,0.269422,0.271324
0.369201,0.400036,0.269403,0.271281
0.369157,0.399997,0.269247,0.271261
0.369252,0.399947,0.269351,0.271194
0.369134,0.3999,0.269281,0.271118
0.369069,0.399897,0.269189,0.271147
0.369137,0.399795,0.2693,0.271228
0.369049,0.399584,0.269021,0.270979
0.369045,0.399584,0.269015,0.270981
0.368943,0.399556,0.268874,0.271013
0.368771,0.399412,0.268745,0.270873
0.369108,0.399353,0.268909,0.270799
0.369478,0.399172,0.269247,0.27071
0.369438,0.399103,0.269187,0.270681
0.369401,0.399107,0.269198,0.270685
0.369327,0.399058,0.269367,0.270703
0.369369,0.399031,0.269496,0.270703
0.36952,0.398947,0.269754,0.270592
0.369776,0.39883,0.270001,0.270568
0.36879,0.398471,0.269327,0.270284
0.368797,0.39846,0.269305,0.270282
0.368971,0.398402,0.269596,0.270315
0.368878,0.398318,0.269604,0.270208
0.36914,0.398258,0.269521,0.270106
0.36913,0.398234,0.269523,0.270065
0.368044,0.397889,0.268718,0.269752
0.3681,0.397825,0.268744,0.269677
0.367951,0.397632,0.268686,0.269545
0.368028,0.39745,0.268699,0.269468
0.368226,0.397418,0.26885,0.269487
0.367669,0.397243,0.268428,0.269379
0.367687,0.39721,0.268391,0.269351
0.367649,0.397184,0.26838,0.269345
0.367696,0.397184,0.268451,0.269321
0.367754,0.397149,0.268478,0.269396
0.367752,0.397103,0.268547,0.269319
0.367721,0.39705,0.268628,0.269274
0.367704,0.396868,0.26862,0.269154
0.367637,0.396766,0.268595,0.269068
0.36766,0.396749,0.268656,0.269093
0.367608,0.396628,0.268652,0.268964
0.367593,0.396626,0.268653,0.268928
0.367669,0.396597,0.268698,0.268892
0.367494,0.396567,0.268695,0.268847
0.367466,0.396561,0.268673,0.268852
0.367495,0.396551,0.268714,0.26884
0.367564,0.396408,0.268855,0.268678
0.366937,0.396182,0.268409,0.268443
0.366987,0.396174,0.268505,0.268439
0.367009,0.39618,0.268537,0.268432
0.367038,0.396063,0.268588,0.268333
0.367032,0.396043,0.268613,0.2683
0.366796,0.395886,0.268374,0.26824
0.366687,0.395842,0.268204,0.268278
0.366649,0.395792,0.268131,0.268314
0.366553,0.395753,0.268063,0.26827
0.36654,0.395751,0.268042,0.268274
0.366515,0.395443,0.267946,0.268035
0.366496,0.395435,0.26801,0.268077
0.366584,0.395339,0.26805,0.267992
0.366432,0.395183,0.267841,0.26782
0.36642,0.395179,0.267825,0.267826
0.366489,0.394851,0.268068,0.267664
0.366436,0.394781,0.268139,0.267574
0.366362,0.39459,0.268156,0.267376
0.366416,0.394454,0.268096,0.267257
0.366158,0.394261,0.267915,0.267088
0.366178,0.394256,0.267941,0.267081
0.36605,0.394238,0.267755,0.267091
0.366298,0.39418,0.267882,0.267089
0.365999,0.394017,0.267565,0.266803
0.365977,0.394,0.267545,0.266842
0.365756,0.393894,0.267387,0.266721
0.365501,0.393828,0.267168,0.266649
0.365546,0.393812,0.267266,0.266617
0.365483,0.393721,0.267297,0.266434
0.365619,0.393642,0.267523,0.266428
0.365732,0.393355,0.267549,0.266193
0.365572,0.393299,0.267387,0.266149
0.365626,0.393282,0.267441,0.266121
0.365683,0.393265,0.267477,0.266082
0.365608,0.393199,0.267404,0.265992
0.365603,0.39311,0.267404,0.265949
0.365905,0.393,0.267694,0.265866
0.365924,0.392934,0.267771,0.265766
0.365921,0.392727,0.26776,0.265565
0.365929,0.39272,0.267728,0.265558
0.365925,0.392712,0.26777,0.265558
0.366011,0.3927,0.267864,0.265529
0.366177,0.39266,0.267956,0.265503
0.366324,0.392502,0.268124,0.265571
0.36619,0.392449,0.268045,0.265561
0.36646,0.392369,0.268454,0.265537
0.366471,0.392356,0.268498,0.265523
0.3665,0.392352,0.268481,0.265501
0.366479,0.39236,0.26853,0.265443
0.366401,0.392338,0.268401,0.265464
0.366476,0.392232,0.268505,0.265415
0.366461,0.39223,0.268414,0.265447
0.366524,0.392235,0.268515,0.265425
0.366497,0.392226,0.268501,0.265434
0.366462,0.392207,0.268473,0.26543
0.366743,0.392157,0.268731,0.265406
0.366722,0.392134,0.268697,0.265336
0.366733,0.392136,0.268714,0.265308
0.366533,0.39202,0.268536,0.265223
0.366346,0.391857,0.268534,0.265094
0.36632,0.391825,0.268516,0.26513
0.366339,0.391825,0.268543,0.265122
0.366372,0.391797,0.268599,0.265018
0.3666,0.391724,0.268679,0.264941
0.366692,0.391679,0.268758,0.264996
0.36666,0.391677,0.268704,0.265008
0.366873,0.391688,0.268784,0.265064
0.366898,0.391648,0.268797,0.264992
0.366997,0.391618,0.26884,0.264928
0.367138,0.391589,0.269009,0.264882
0.367272,0.391588,0.269168,0.264894
0.367292,0.391589,0.269199,0.264888
0.367277,0.391421,0.269183,0.264799
0.36719,0.391388,0.269253,0.264823
0.366953,0.391324,0.269071,0.26478
0.366886,0.391261,0.269069,0.264746
0.36629,0.390834,0.268462,0.264237
0.366338,0.390821,0.268538,0.264171
0.366219,0.390741,0.268497,0.264129
0.366126,0.390692,0.268443,0.264129
0.366137,0.390638,0.268509,0.264155
0.366167,0.390627,0.268559,0.264133
0.366207,0.390479,0.268595,0.263982
0.366267,0.390469,0.268648,0.264007
0.366157,0.390306,0.268532,0.263883
0.366242,0.390157,0.268622,0.263812
0.366236,0.390138,0.268585,0.263873
0.36621,0.390051,0.268692,0.263917
0.366204,0.39005,0.268664,0.263925
0.365835,0.389748,0.268326,0.26374
0.365862,0.389711,0.268338,0.263746
0.365773,0.389628,0.268212,0.263649
0.365738,0.389581,0.268261,0.263692
0.365724,0.389521,0.268236,0.263673
0.365658,0.389515,0.268145,0.263687
0.365029,0.389338,0.267641,0.263517
0.365225,0.389276,0.267669,0.26345
0.365089,0.389275,0.267608,0.263506
0.365,0.389277,0.267455,0.263543
0.364977,0.389194,0.26743,0.263545
0.364916,0.38921,0.267404,0.263489
0.364818,0.389113,0.267392,0.263404
0.364811,0.389119,0.267386,0.263386
0.364702,0.389108,0.267286,0.26339
0.364829,0.389036,0.267252,0.263364
0.364752,0.389007,0.267187,0.263323
0.365018,0.388903,0.26738,0.26331
0.364777,0.388805,0.267233,0.263242
0.364845,0.388787,0.267361,0.263198
0.364496,0.388581,0.267023,0.263125
0.364435,0.388549,0.266999,0.263093
0.364409,0.388498,0.267062,0.263009
0.364286,0.388468,0.266922,0.262974
0.364446,0.388361,0.266992,0.262862
0.364397,0.388311,0.266956,0.262829
0.364435,0.388254,0.266971,0.262855
0.364467,0.38825,0.26698,0.26285
0.364499,0.388236,0.267032,0.262831
0.364507,0.388204,0.267059,0.26283
0.364512,0.388193,0.267089,0.262814
0.364516,0.388169,0.26705,0.262804
0.364292,0.388131,0.26682,0.262752
0.364278,0.388129,0.266796,0.26276
0.364339,0.38807,0.26678,0.262643
0.364467,0.388056,0.266823,0.262737
0.364492,0.388053,0.266829,0.262762
0.364255,0.387787,0.266601,0.262458
0.364093,0.387737,0.266578,0.262384
0.36409,0.387701,0.266655,0.262438
0.363943,0.387647,0.266541,0.262359
0.363944,0.387635,0.266548,0.262354
0.364015,0.38753,0.266649,0.262387
0.364073,0.387528,0.266727,0.262367
0.364285,0.387498,0.266842,0.262235
0.363747,0.387321,0.266413,0.261961
0.363847,0.387328,0.266471,0.261962
0.363688,0.387226,0.266286,0.261942
0.363548,0.387179,0.266174,0.261892
0.363522,0.387147,0.266155,0.261863
0.363652,0.387083,0.266331,0.261839
0.363552,0.387023,0.266202,0.261869
0.363671,0.386864,0.266135,0.261664
0.363508,0.386721,0.26588,0.261541
0.363502,0.386708,0.265866,0.261582
0.363266,0.386644,0.265721,0.261466
0.36333,0.386644,0.265817,0.261476
0.363221,0.386603,0.26574,0.261425
0.363314,0.38642,0.265823,0.261432
0.363323,0.38642,0.265838,0.261429
0.363257,0.386373,0.265727,0.261441
0.363198,0.386367,0.265732,0.261432
0.363192,0.386305,0.265702,0.261364
0.363245,0.386255,0.265746,0.261306
0.363496,0.386224,0.265888,0.26125
0.363596,0.386216,0.266044,0.261232
0.363517,0.38611,0.266155,0.261106
0.36343,0.385906,0.266023,0.260977
0.363405,0.385875,0.265964,0.26096
0.363401,0.385853,0.265958,0.26094
0.363425,0.385842,0.266019,0.260949
0.363471,0.385829,0.266129,0.260884
0.363704,0.385791,0.266361,0.260909
0.363768,0.385705,0.266375,0.260873
0.363685,0.385693,0.266315,0.260862
0.363529,0.385475,0.265991,0.260659
0.363519,0.385397,0.265828,0.260582
0.363498,0.385392,0.26579,0.260597
0.363551,0.385379,0.26581,0.260646
0.363397,0.385346,0.265646,0.260586
0.363404,0.385335,0.265607,0.260563
0.363428,0.385198,0.265489,0.260441
0.363435,0.385059,0.265526,0.260348
0.363596,0.38494,0.265598,0.260289
0.363649,0.384923,0.265623,0.260266
0.36358,0.384858,0.265538,0.260143
0.363447,0.384819,0.265423,0.260117
0.363351,0.384762,0.265302,0.26009
0.363109,0.384648,0.265122,0.259998
0.363099,0.384629,0.265105,0.259994
0.363052,0.384633,0.265024,0.260012
0.363027,0.384635,0.264974,0.260024
0.362976,0.38464,0.264896,0.260042
0.363011,0.38457,0.264956,0.259972
0.362555,0.384435,0.26451,0.259909
0.362634,0.384429,0.264632,0.25989
0.362501,0.384378,0.264592,0.259783
0.362452,0.384367,0.264496,0.259798
0.362518,0.38421,0.264411,0.259638
0.362617,0.384193,0.264539,0.259673
0.362631,0.384188,0.264568,0.259665
0.362689,0.384186,0.264689,0.259644
0.363122,0.384088,0.264881,0.259577
0.363235,0.384055,0.264963,0.25953
0.363235,0.384055,0.264963,0.25953
0.363352,0.384033,0.265124,0.259537
0.363412,0.384036,0.265201,0.25955
0.363484,0.383998,0.265255,0.259522
0.36355,0.383944,0.265337,0.259486
0.36361,0.383935,0.265498,0.259468
0.363512,0.383901,0.265435,0.259447
0.363612,0.38391,0.265557,0.259435
0.363554,0.3839,0.265476,0.259426
0.363522,0.383898,0.265419,0.25943
0.363267,0.383805,0.265301,0.259363
0.36322,0.383689,0.265235,0.259181
0.363202,0.383641,0.265202,0.259169
0.363203,0.383615,0.265296,0.259132
0.363058,0.383598,0.265231,0.259134
0.363078,0.383594,0.26521,0.259158
0.363066,0.38357,0.265335,0.259117
0.363028,0.38357,0.265294,0.259119
0.363002,0.383552,0.265263,0.259105
0.362826,0.383487,0.265111,0.259052
0.362865,0.383471,0.265129,0.259044
0.362755,0.383449,0.264903,0.259058
0.362685,0.383413,0.264882,0.258998
0.362662,0.383413,0.264925,0.258981
0.36288,0.383361,0.264984,0.259033
0.362835,0.383361,0.264984,0.258988
0.362956,0.383327,0.265223,0.258957
0.362826,0.383217,0.26514,0.258875
0.362944,0.383138,0.265251,0.258826
0.362944,0.383129,0.265251,0.25882
0.363048,0.383095,0.265398,0.258787
0.363037,0.383094,0.265377,0.258788
0.362987,0.383076,0.265293,0.258786
0.362936,0.383024,0.265335,0.258676
0.362896,0.383003,0.265266,0.258672
0.362572,0.382925,0.264958,0.258568
0.362472,0.38292,0.264856,0.258545
0.362604,0.382825,0.265027,0.258499
0.362435,0.382755,0.264883,0.258503
0.362395,0.382751,0.264806,0.258511
0.362466,0.382747,0.264955,0.258501
0.36255,0.382739,0.265094,0.258485
0.3625,0.382721,0.265104,0.258452
0.362299,0.382655,0.264979,0.258408
0.362269,0.382654,0.264922,0.258413
0.362168,0.382644,0.264889,0.25836
0.362355,0.382607,0.265207,0.258287
0.362301,0.382597,0.265112,0.258289
0.362351,0.38259,0.265189,0.258283
0.362352,0.38253,0.265242,0.258259
0.362429,0.382479,0.265229,0.258218
0.36239,0.382465,0.265139,0.258185
0.362198,0.382388,0.264951,0.258042
0.362228,0.382392,0.264991,0.258037
0.36209,0.382121,0.264823,0.257924
0.362077,0.382116,0.264837,0.25788
0.361834,0.382003,0.264614,0.257786
0.361838,0.381978,0.264593,0.257798
0.361814,0.381906,0.264477,0.257745
0.361777,0.381874,0.264499,0.25772
0.361715,0.381818,0.264454,0.257659
0.361618,0.381728,0.26448,0.257607
0.361465,0.381703,0.264303,0.257621
0.36155,0.381636,0.264393,0.257571
0.361161,0.381521,0.263976,0.257473
0.361168,0.38152,0.26399,0.257472
0.361203,0.381517,0.264136,0.257462
0.361266,0.381485,0.264177,0.257476
0.361272,0.381467,0.264194,0.257465
0.361273,0.381467,0.264195,0.257465
0.361076,0.381353,0.264085,0.257324
0.361102,0.381355,0.26414,0.257318
0.361086,0.381359,0.264107,0.257322
0.361179,0.381305,0.264113,0.257307
0.361163,0.381306,0.264078,0.25731
0.361359,0.381267,0.264078,0.257253
0.361846,0.381049,0.264311,0.257097
0.361826,0.381023,0.26436,0.257087
0.36185,0.38102,0.264405,0.257063
0.361857,0.380887,0.264383,0.257002
0.361801,0.380813,0.264316,0.256933
0.361926,0.380801,0.264476,0.256937
0.362033,0.380794,0.264624,0.256964
0.362111,0.380782,0.264768,0.256946
0.362215,0.38073,0.264802,0.256919
0.362224,0.380729,0.264815,0.256914
0.361971,0.380574,0.264546,0.256784
0.361929,0.380568,0.264496,0.256761
0.361548,0.380482,0.264089,0.256698
0.361578,0.380476,0.264153,0.256695
0.361582,0.38046,0.264146,0.256709
0.361556,0.380448,0.264207,0.256696
0.361571,0.380448,0.264239,0.256694
0.36158,0.38043,0.264222,0.256675
0.361636,0.3804,0.264285,0.256681
0.361629,0.380368,0.264236,0.256655
0.361812,0.38037,0.264512,0.256667
0.361964,0.380254,0.264579,0.256589
0.361872,0.380239,0.264505,0.256549
0.362128,0.380219,0.264584,0.256573
0.362054,0.380176,0.264496,0.256538
0.362017,0.380174,0.26442,0.256537
0.362029,0.380136,0.264418,0.256519
0.362058,0.380136,0.264474,0.25652
0.362027,0.380101,0.264481,0.2565
0.361998,0.380083,0.264571,0.256495
0.361902,0.379998,0.264637,0.256498
0.361998,0.3799,0.264715,0.256434
0.362083,0.37988,0.264718,0.256477
0.361871,0.379879,0.264445,0.256467
0.361985,0.379859,0.264548,0.256443
0.361765,0.379745,0.264295,0.256409
0.361744,0.379739,0.264293,0.256414
0.36124,0.379594,0.263832,0.256262
0.361282,0.379581,0.263881,0.256232
0.361345,0.37954,0.264012,0.256178
0.361274,0.379536,0.26403,0.256163
0.361156,0.379442,0.263933,0.256093
0.361181,0.379272,0.263792,0.255975
0.361159,0.37927,0.263742,0.255973
0.361285,0.379182,0.263634,0.255967
0.361171,0.379174,0.263516,0.255954
0.361219,0.37914,0.263492,0.255956
0.361272,0.379073,0.263587,0.255926
0.361357,0.379046,0.263696,0.255934
0.361558,0.378952,0.26387,0.2559
0.361692,0.378939,0.264055,0.255936
0.361701,0.378934,0.264057,0.255978
0.361661,0.378925,0.263942,0.255977
0.361699,0.378923,0.26395,0.255974
0.361968,0.378873,0.264253,0.255936
0.361636,0.378533,0.264008,0.255736
0.361589,0.378484,0.263945,0.255659
0.361633,0.378469,0.263849,0.255659
0.36168,0.378463,0.263981,0.255661
0.361678,0.378456,0.263973,0.255659
0.361764,0.37823,0.263969,0.255547
0.36179,0.378231,0.264029,0.255546
0.361564,0.378084,0.263853,0.255389
0.361474,0.378034,0.263712,0.255322
0.361443,0.378034,0.263638,0.255323
0.361485,0.378039,0.263683,0.255316
0.361408,0.377997,0.263598,0.255315
0.361503,0.377982,0.263577,0.255314
0.36152,0.377947,0.263596,0.255277
0.361467,0.377948,0.263532,0.255269
0.361422,0.377932,0.26351,0.255271
0.361417,0.377852,0.263504,0.255142
0.361446,0.377818,0.26354,0.25511
0.361418,0.377765,0.263437,0.255127
0.361504,0.377728,0.263476,0.255108
0.361459,0.377706,0.263533,0.255075
0.36149,0.377676,0.263605,0.255035
0.361476,0.377664,0.263718,0.255083
0.361807,0.377609,0.263994,0.255062
0.361962,0.377625,0.264318,0.25512
0.362044,0.377619,0.264355,0.255117
0.361987,0.377582,0.264315,0.255113
0.362226,0.377591,0.264369,0.255208
0.362045,0.377442,0.264406,0.255042
0.361995,0.377409,0.264302,0.255032
0.362077,0.377383,0.264413,0.254957
0.36207,0.377385,0.26445,0.254957
0.362277,0.377389,0.264528,0.255008
0.362207,0.377383,0.264376,0.255002
0.362289,0.377213,0.264366,0.254885
0.362221,0.377196,0.264329,0.254866
0.362226,0.377152,0.264336,0.254895
0.362255,0.377105,0.264322,0.254841
0.362083,0.377069,0.264069,0.25482
0.36219,0.377069,0.264289,0.254842
0.362218,0.377063,0.264214,0.254891
0.36205,0.377005,0.264047,0.254861
0.362135,0.376906,0.264128,0.254898
0.362177,0.376912,0.264213,0.2549
0.362205,0.376736,0.264287,0.254873
0.36221,0.376734,0.264294,0.254873
0.362392,0.376744,0.26452,0.254897
0.362429,0.376691,0.264319,0.254783
0.362417,0.376688,0.264354,0.254784
0.362357,0.376676,0.264231,0.254802
0.362344,0.376641,0.264203,0.254789
0.362309,0.376634,0.264166,0.254783
0.362314,0.376644,0.264241,0.254779
0.362154,0.376614,0.263987,0.254755
0.362089,0.376582,0.263896,0.254722
0.362211,0.376471,0.263919,0.254674
0.362213,0.376438,0.263932,0.254641
0.362212,0.376438,0.263928,0.254642
0.362178,0.37644,0.263893,0.254654
0.362292,0.376428,0.263994,0.254672
0.362347,0.376421,0.264087,0.254645
0.362291,0.376387,0.263956,0.254592
0.362365,0.376332,0.264026,0.254614
0.36234,0.376302,0.263994,0.254584
0.362397,0.376296,0.264108,0.254578
0.36237,0.376289,0.264053,0.25457
0.362367,0.37628,0.264063,0.25457
0.362677,0.37622,0.264196,0.254561
0.362802,0.376221,0.26424,0.254597
0.36299,0.376179,0.264299,0.254574
0.363031,0.376138,0.264294,0.254523
0.362979,0.376128,0.264189,0.254527
0.362993,0.376113,0.26427,0.254515
0.363003,0.376095,0.264249,0.254483
0.36297,0.37609,0.264234,0.254499
0.362648,0.375922,0.264054,0.254348
0.362738,0.375923,0.264235,0.254351
0.362658,0.375907,0.264212,0.254303
0.362679,0.375872,0.264166,0.254251
0.362777,0.375858,0.264265,0.254266
0.362516,0.375823,0.264065,0.254216
0.362555,0.37582,0.264093,0.254229
0.362391,0.375767,0.263985,0.254088
0.362423,0.375745,0.264076,0.25405
0.362404,0.375731,0.264038,0.254041
0.362464,0.375701,0.264119,0.254036
0.362419,0.375663,0.263893,0.254028
0.362364,0.375648,0.263838,0.254035
0.362278,0.375627,0.263846,0.254023
0.362224,0.375584,0.263626,0.253949
0.362369,0.375537,0.263709,0.253967
0.362499,0.375493,0.263798,0.253959
0.362589,0.375398,0.263762,0.253845
0.362634,0.375394,0.263746,0.253881
0.362637,0.375385,0.263719,0.253893
0.362612,0.37537,0.263725,0.253846
0.362547,0.37536,0.263684,0.253844
0.362516,0.375363,0.263622,0.253834
0.362622,0.375342,0.263617,0.253799
0.362832,0.375341,0.263667,0.253744
0.362849,0.375337,0.263683,0.253742
0.362923,0.37533,0.263693,0.253765
0.363021,0.375305,0.263803,0.253777
0.362851,0.375283,0.263627,0.253737
0.362786,0.375262,0.263451,0.253727
0.36278,0.375261,0.263462,0.253723
0.362757,0.37522,0.263513,0.253698
0.36262,0.375186,0.263341,0.253668
0.362564,0.375169,0.263352,0.253645
0.362567,0.375158,0.263366,0.253627
0.362523,0.375122,0.263243,0.253625
0.362528,0.375117,0.263269,0.253604
0.362561,0.37508,0.263361,0.253593
0.362837,0.374988,0.263579,0.253496
0.362824,0.374971,0.263632,0.253468
0.362871,0.374965,0.263642,0.253456
0.362839,0.374936,0.263574,0.253459
0.362872,0.374926,0.263485,0.253473
0.362858,0.374905,0.263429,0.253494
0.362806,0.374891,0.263277,0.25349
0.362838,0.374882,0.263329,0.253507
0.362839,0.374881,0.263332,0.253508
0.3627,0.374866,0.263126,0.253499
0.362613,0.374877,0.262886,0.25351
0.362654,0.374861,0.262961,0.253459
0.362532,0.374838,0.262823,0.253416
0.362405,0.374809,0.262757,0.253373
0.362459,0.374796,0.262807,0.253383
0.362453,0.374783,0.262769,0.253366
0.362449,0.374784,0.262759,0.253367
0.36247,0.37478,0.262904,0.25335
0.362492,0.374756,0.262819,0.253375
0.362504,0.374753,0.262869,0.253367
0.362537,0.374749,0.262985,0.253399
0.362503,0.374764,0.26291,0.253377
0.362483,0.374765,0.262856,0.253379
0.362374,0.374738,0.262693,0.253355
0.362392,0.374723,0.262688,0.25337
0.362356,0.374735,0.262598,0.253385
0.362226,0.374721,0.262529,0.253354
0.362298,0.374689,0.262718,0.253353
0.362312,0.37468,0.262761,0.253359
0.362322,0.374676,0.262708,0.253303
0.362313,0.374532,0.262659,0.253211
0.362534,0.374527,0.262957,0.2532
0.362593,0.374503,0.26308,0.253165
0.362583,0.374464,0.263091,0.253132
0.362393,0.374442,0.262909,0.25308
0.362426,0.374363,0.26301,0.253069
0.36244,0.374363,0.263042,0.253068
0.36245,0.374352,0.263082,0.253039
0.362371,0.374286,0.262895,0.252897
0.362468,0.374255,0.262975,0.252784
0.36237,0.374227,0.262743,0.252776
0.362396,0.37422,0.262758,0.252782
0.362382,0.374207,0.262731,0.252757
0.362464,0.374183,0.262867,0.252717
0.362404,0.374163,0.262925,0.252688
0.362431,0.374137,0.263017,0.252652
0.362431,0.374138,0.263039,0.252646
0.362564,0.374136,0.263088,0.252672
0.36255,0.374049,0.263043,0.252625
0.36255,0.374049,0.263043,0.252625
0.362414,0.374038,0.263056,0.252609
0.362413,0.374037,0.263053,0.252607
0.362464,0.374042,0.262934,0.252623
0.362891,0.374051,0.263104,0.252694
0.362944,0.374039,0.263238,0.252699
0.362852,0.374044,0.26305,0.252683
0.362845,0.37403,0.263054,0.252636
0.362867,0.374034,0.263093,0.252641
0.362852,0.374058,0.262988,0.252635
0.362775,0.374048,0.26285,0.252654
0.362734,0.374041,0.262754,0.252651
0.36285,0.374029,0.26289,0.252612
0.362841,0.374032,0.26287,0.252611
0.362854,0.374021,0.262908,0.252585
0.362837,0.374015,0.262861,0.252588
0.362746,0.374011,0.262661,0.252559
0.362858,0.373892,0.262828,0.252483
0.362705,0.373818,0.262924,0.252403
0.362756,0.373819,0.263047,0.252403
0.363082,0.373722,0.263456,0.252462
0.363129,0.373718,0.26351,0.252454
0.363156,0.373723,0.263489,0.25247
0.363227,0.37369,0.263521,0.252442
0.363348,0.373688,0.263692,0.252395
0.363352,0.373691,0.263782,0.252382
0.363391,0.373684,0.263836,0.25239
0.363346,0.373647,0.263835,0.252267
0.363306,0.373643,0.263748,0.252267
0.363333,0.373644,0.263807,0.252267
0.36329,0.373621,0.263787,0.252245
0.363606,0.37354,0.264113,0.252229
0.363545,0.373541,0.264069,0.252217
0.363433,0.373406,0.263928,0.25214
0.363286,0.373414,0.263658,0.252153
0.363297,0.373415,0.263684,0.252153
0.363305,0.37334,0.263814,0.252111
0.363206,0.373266,0.263678,0.252092
0.363137,0.373263,0.263611,0.252081
0.363057,0.373206,0.263455,0.252018
0.363269,0.37318,0.26363,0.252018
0.363181,0.373166,0.263543,0.251956
0.363193,0.373149,0.263484,0.251923
0.362983,0.373096,0.263217,0.251829
0.363032,0.373065,0.263282,0.251806
0.36312,0.373025,0.263322,0.251788
0.363135,0.373029,0.263282,0.251807
0.36317,0.373032,0.263344,0.251808
0.363201,0.373005,0.263366,0.251778
0.363225,0.373006,0.263414,0.25177
0.363208,0.373004,0.2634,0.251735
0.363225,0.373005,0.263439,0.251736
0.363236,0.373005,0.263465,0.251736
0.363157,0.372984,0.263292,0.251686
0.36311,0.372966,0.263187,0.251664
0.36312,0.372849,0.263189,0.25162
0.363178,0.37284,0.263305,0.251603
0.363104,0.372842,0.263256,0.251579
0.363115,0.372844,0.263283,0.251578
0.363131,0.372835,0.2633,0.251597
0.362937,0.372758,0.263129,0.25154
0.362936,0.372756,0.263094,0.251542
0.362891,0.372755,0.26299,0.251541
0.362646,0.372719,0.262722,0.251495
0.362683,0.372719,0.262684,0.251537
0.362727,0.372715,0.262775,0.25154
0.362725,0.372705,0.262779,0.251544
0.363005,0.372688,0.262967,0.251606
0.363022,0.372683,0.263007,0.251602
0.363149,0.372665,0.263192,0.251626
0.363124,0.372664,0.263138,0.251625
0.363112,0.372661,0.263125,0.251592
0.363116,0.372625,0.26312,0.251569
0.362839,0.372533,0.26277,0.251399
0.36291,0.372525,0.262918,0.251384
0.362884,0.372525,0.262867,0.25138
0.362744,0.372475,0.262608,0.251398
0.36281,0.372445,0.262664,0.251393
0.362673,0.372416,0.262554,0.251316
0.362792,0.372351,0.262675,0.25128
0.362901,0.372305,0.262696,0.251263
0.362977,0.372288,0.262856,0.251283
0.363024,0.372284,0.26287,0.251325
0.363003,0.372279,0.262816,0.251323
0.363052,0.372134,0.262966,0.251289
0.363085,0.372133,0.263074,0.251278
0.363081,0.37213,0.263055,0.251282
0.363062,0.372128,0.263018,0.25128
0.36308,0.372125,0.263048,0.251289
0.3631,0.372109,0.263064,0.251292
0.363035,0.372101,0.26291,0.251291
0.363045,0.372093,0.262924,0.25128
0.363084,0.372091,0.262954,0.251285
0.363008,0.372083,0.262828,0.251257
0.362941,0.372076,0.262757,0.251238
0.362911,0.372059,0.262683,0.251261
0.3629,0.37205,0.262798,0.251241
0.362989,0.372041,0.262883,0.2512
0.362998,0.372029,0.262814,0.251204
0.363005,0.372035,0.262846,0.2512
0.362997,0.371997,0.262924,0.251158
0.363049,0.371999,0.263023,0.251156
0.363173,0.372002,0.263155,0.251156
0.363129,0.371991,0.262963,0.251168
0.363152,0.371858,0.263113,0.251186
0.363356,0.371767,0.263133,0.251178
0.363269,0.371685,0.263021,0.251078
0.363459,0.371618,0.263307,0.251064
0.363456,0.371613,0.263298,0.251058
0.363431,0.371575,0.263164,0.251067
0.363467,0.371576,0.263247,0.251067
0.363513,0.371576,0.263324,0.251053
0.3639,0.371573,0.26355,0.251069
0.363903,0.371569,0.26355,0.251073
0.363786,0.37151,0.263398,0.251053
0.363839,0.371507,0.263504,0.251056
0.363905,0.371503,0.263669,0.251126
0.363801,0.371393,0.263636,0.251092
0.363741,0.371362,0.263573,0.25108
0.363742,0.371362,0.263576,0.251081
0.363463,0.371353,0.263342,0.250988
0.36349,0.371342,0.263418,0.250962
0.363334,0.37132,0.263383,0.250902
0.363337,0.371251,0.26326,0.250894
0.363337,0.371249,0.263239,0.250892
0.363394,0.371207,0.263241,0.250883
0.363509,0.371221,0.263322,0.250895
0.363535,0.37122,0.263375,0.250897
0.363492,0.371214,0.263327,0.250881
0.363516,0.371213,0.263465,0.250884
0.363622,0.371215,0.263556,0.250914
0.363594,0.371206,0.263505,0.250913
0.363596,0.371204,0.263474,0.250913
0.363653,0.371128,0.263456,0.250872
0.363636,0.371119,0.263451,0.250877
0.363635,0.371119,0.263281,0.250802
0.363694,0.371122,0.263408,0.250811
0.363686,0.371105,0.263373,0.250823
0.36371,0.3711,0.263326,0.250839
0.363772,0.371103,0.263435,0.250826
0.363635,0.371078,0.263301,0.2508
0.363648,0.371078,0.263303,0.250783
0.36376,0.371078,0.263324,0.250808
0.363708,0.371084,0.263332,0.25085
0.363736,0.371089,0.263416,0.250852
0.363708,0.371057,0.263322,0.250911
0.363945,0.371021,0.263545,0.250883
0.363869,0.37102,0.263452,0.250896
0.363503,0.370841,0.263222,0.25075
0.363535,0.370836,0.263245,0.25072
0.363551,0.370798,0.263169,0.250688
0.36354,0.370789,0.263098,0.250682
0.363553,0.370789,0.263126,0.250683
0.363551,0.370785,0.263234,0.250672
0.363509,0.370731,0.263361,0.250668
0.363498,0.370729,0.263312,0.250655
0.363503,0.370728,0.263279,0.250659
0.363453,0.370712,0.26324,0.250669
0.363472,0.370711,0.263266,0.250675
0.363516,0.370708,0.263358,0.250714
0.363566,0.370419,0.263262,0.25053
0.363607,0.370418,0.263288,0.250536
0.363612,0.370384,0.263519,0.250529
0.363517,0.370381,0.263439,0.250492
0.363437,0.37036,0.263376,0.250481
0.363306,0.370332,0.263314,0.250466
0.363309,0.370294,0.263204,0.250378
0.363315,0.370286,0.263216,0.250364
0.363318,0.37029,0.263212,0.25037
0.363339,0.37027,0.26321,0.250343
0.363278,0.370272,0.263149,0.250331
0.363147,0.37023,0.263084,0.250363
0.363039,0.370155,0.262853,0.250299
0.362976,0.370082,0.262796,0.250268
0.362919,0.370071,0.262755,0.250231
0.362728,0.370077,0.262664,0.250235
0.362654,0.370061,0.262415,0.25022
0.362544,0.370035,0.262173,0.250189
0.362541,0.370036,0.262143,0.25019
0.362582,0.370032,0.262277,0.250191
0.362588,0.369951,0.262394,0.250101
0.362606,0.369949,0.262403,0.250105
0.362531,0.369954,0.262367,0.25006
0.362485,0.369953,0.262269,0.250046
0.362561,0.369944,0.262336,0.250063
0.362583,0.369944,0.262323,0.250025
0.362556,0.369935,0.262242,0.249992
0.362714,0.369854,0.2624,0.249988
0.362737,0.369858,0.262388,0.249993
0.362756,0.369857,0.262394,0.250002
0.362773,0.36984,0.262468,0.249965
0.362824,0.369842,0.26262,0.249968
0.36284,0.36984,0.262556,0.249955
0.362806,0.36984,0.262473,0.249952
0.362861,0.369833,0.262567,0.249986
0.362876,0.36983,0.262639,0.249978
0.362732,0.369809,0.262578,0.249926
0.362699,0.369782,0.262601,0.249894
0.362777,0.369724,0.262645,0.249823
0.362673,0.369527,0.262575,0.249696
0.362643,0.369524,0.26249,0.249705
0.363031,0.369455,0.262866,0.249637
0.363046,0.369454,0.262858,0.249644
0.363002,0.369452,0.26277,0.249657
0.363044,0.369428,0.262933,0.24968
0.362752,0.369413,0.262774,0.249625
0.36273,0.369417,0.262683,0.249634
0.362732,0.369375,0.262609,0.249589
0.362677,0.36936,0.262583,0.249546
0.362712,0.369314,0.262641,0.249471
0.362714,0.369271,0.262681,0.24945
0.362743,0.369271,0.262776,0.24945
0.362603,0.36926,0.262674,0.249431
0.362622,0.369196,0.262724,0.249359
0.362602,0.369193,0.262727,0.249355
0.36258,0.369193,0.262672,0.249353
0.362578,0.369144,0.262738,0.249335
0.362838,0.369111,0.26268,0.249374
0.362797,0.369111,0.262617,0.249369
0.362819,0.369048,0.262694,0.249318
0.36264,0.368975,0.262557,0.249241
0.362667,0.368974,0.262627,0.249244
0.362726,0.368976,0.262803,0.249258
0.362764,0.368956,0.262793,0.249254
0.362782,0.368929,0.26281,0.249234
0.363342,0.368906,0.263278,0.249273
0.363383,0.368907,0.263362,0.249281
0.363395,0.368903,0.26345,0.249243
0.363407,0.368904,0.263468,0.249248
0.363388,0.368898,0.263448,0.249233
0.363369,0.368897,0.263403,0.249229
0.36345,0.368888,0.26345,0.249226
0.363832,0.368852,0.263773,0.249294
0.363919,0.368856,0.263951,0.249308
0.363816,0.368844,0.263727,0.249302
0.363645,0.368674,0.263639,0.249295
0.363586,0.368674,0.263522,0.249289
0.363664,0.368634,0.263686,0.24928
0.363589,0.368471,0.263576,0.249118
0.363641,0.368429,0.263675,0.24905
0.363529,0.368415,0.263578,0.249025
0.363659,0.368423,0.263698,0.249056
0.363601,0.368422,0.263596,0.249066
0.363541,0.368406,0.263459,0.249065
0.363269,0.368386,0.263229,0.248976
0.363256,0.368386,0.263199,0.248975
0.363269,0.368385,0.263199,0.248974
0.363201,0.368373,0.263142,0.248995
0.363042,0.368316,0.262905,0.248915
0.363051,0.36831,0.262921,0.2489
0.363013,0.368168,0.262648,0.248762
0.363282,0.368146,0.262795,0.248748
0.363136,0.36814,0.262701,0.248728
0.363174,0.368138,0.262795,0.248726
0.363154,0.368124,0.262768,0.248715
0.363296,0.368095,0.26289,0.248691
0.363189,0.368055,0.262772,0.248654
0.36316,0.368015,0.262739,0.248628
0.36325,0.367995,0.262687,0.248549
0.363294,0.367988,0.262709,0.248562
0.3633,0.367986,0.262749,0.248556
0.362868,0.367775,0.262426,0.24841
0.362833,0.367763,0.262301,0.248393
0.362775,0.367767,0.262153,0.248395
0.362779,0.367769,0.262096,0.248382
0.362722,0.367737,0.262082,0.248379
0.362751,0.367741,0.26211,0.248363
0.362846,0.367747,0.262254,0.248418
0.362876,0.367714,0.262249,0.248404
0.362943,0.367723,0.262354,0.248431
0.362973,0.367717,0.262417,0.248397
0.362966,0.367708,0.262316,0.248385
0.362776,0.367637,0.262185,0.248306
0.362832,0.367634,0.262322,0.248309
0.362809,0.367604,0.262382,0.248268
0.362836,0.367508,0.262551,0.248112
0.362727,0.367493,0.262413,0.248125
0.362725,0.367505,0.262386,0.248215
0.36285,0.367496,0.262504,0.248205
0.362918,0.367492,0.2626,0.248181
0.362992,0.36749,0.262676,0.248187
0.362911,0.367488,0.262473,0.248192
0.362867,0.367477,0.26238,0.248197
0.362863,0.367471,0.262414,0.248175
0.362831,0.36744,0.262432,0.248176
0.362576,0.367406,0.262289,0.248091
0.362574,0.367406,0.262285,0.248092
0.362418,0.36725,0.26211,0.248004
0.362419,0.367248,0.262173,0.247995
0.362403,0.367239,0.262036,0.247992
0.362409,0.367236,0.262063,0.247983
0.362508,0.367237,0.262193,0.24796
0.36249,0.367225,0.261988,0.247921
0.362456,0.3672,0.261885,0.247869
0.362445,0.3672,0.26185,0.247871
0.362525,0.36717,0.262001,0.247809
0.362552,0.367174,0.262021,0.247832
0.362534,0.367173,0.262049,0.247816
0.362512,0.36716,0.262022,0.247816
0.362501,0.367156,0.262017,0.24782
0.362524,0.367155,0.262077,0.247818
0.3629,0.3671,0.262262,0.247822
0.362892,0.3671,0.262223,0.247826
0.363115,0.367031,0.26239,0.247772
0.363151,0.367015,0.262292,0.247708
0.363282,0.36701,0.262396,0.247733
0.363295,0.366926,0.262365,0.247675
0.363328,0.366922,0.262335,0.247667
0.363317,0.366921,0.262315,0.247678
0.363288,0.366916,0.262288,0.247656
0.363322,0.366897,0.262339,0.247647
0.363356,0.366895,0.262422,0.247645
0.363284,0.366892,0.262284,0.247651
0.363206,0.366898,0.262072,0.24766
0.363205,0.366898,0.26207,0.247661
0.363214,0.36689,0.261987,0.24765
0.363168,0.36687,0.261897,0.247628
0.363151,0.366823,0.261866,0.247629
0.363154,0.366825,0.261857,0.247633
0.363312,0.366804,0.261948,0.247641
0.363462,0.366825,0.26194,0.247653
0.363506,0.366819,0.26205,0.247647
0.36335,0.366706,0.262153,0.247605
0.363369,0.366677,0.262336,0.247629
0.363383,0.366659,0.262462,0.247601
0.363411,0.366664,0.262473,0.247587
0.363377,0.366645,0.262444,0.247665
0.363383,0.366647,0.262368,0.247683
0.363486,0.366645,0.262454,0.247723
0.363469,0.366632,0.262455,0.24766
0.363571,0.366634,0.2624,0.247704
0.363352,0.36661,0.262355,0.247722
0.363434,0.36653,0.262514,0.247659
0.363455,0.36653,0.262577,0.247649
0.36346,0.366507,0.262544,0.247643
0.363443,0.366508,0.262504,0.247645
0.363743,0.366327,0.262664,0.247529
0.363849,0.366308,0.262702,0.247509
0.363819,0.366261,0.262581,0.247545
0.36397,0.366216,0.262709,0.247507
0.364045,0.366188,0.262707,0.247489
0.364133,0.366178,0.26278,0.247483
0.364254,0.366123,0.262856,0.247436
0.364151,0.366118,0.26272,0.247428
0.364203,0.366092,0.262714,0.247449
0.364119,0.366086,0.262673,0.247412
0.364124,0.366086,0.2627,0.247425
0.364124,0.366086,0.262704,0.247424
0.364149,0.366084,0.262669,0.24744
0.364211,0.366085,0.262687,0.247475
0.364164,0.366091,0.262614,0.247464
0.364165,0.366094,0.26256,0.247458
0.364207,0.365967,0.262661,0.247351
0.363943,0.36597,0.262581,0.247304
0.364031,0.365961,0.262688,0.247307
0.364081,0.365929,0.262681,0.247285
0.364065,0.365929,0.262642,0.247274
0.364083,0.365928,0.262686,0.247271
0.364076,0.365852,0.262849,0.24718
0.364024,0.36581,0.262866,0.247175
0.363972,0.36578,0.262901,0.247172
0.364054,0.365754,0.263076,0.247129
0.364171,0.365701,0.263263,0.247075
0.364191,0.365695,0.263274,0.247098
0.364235,0.365652,0.26338,0.247039
0.364136,0.365654,0.263351,0.247022
0.364144,0.365651,0.263308,0.247052
0.364107,0.36565,0.263249,0.247028
